Turkish,Non-Vegetarian,Spicy Lamb Rice Bowl ,20 min,"Lamb, Onion, Butter, Nuts, Paprika, Cheese","Milk, Nuts","Step 1: Marinate the Lamb with salt, pepper, and spices. Step 2: Heat oil in a pan and pan-fry the Lamb until cooked. Step 3: Add onion, garlic, and vegetables and cook briefly. Step 4: Combine everything and adjust seasoning. Step 5: Serve hot as a rice bowl."
Spanish,Non-Vegetarian,Spicy Shrimp Sandwich ,1 hr 1 min,"Shrimp, Honey, Paprika, Flour, Herbs, Nuts","Nuts, Gluten, Seafood, Honey","Step 1: Marinate the Shrimp with salt, pepper, and spices. Step 2: Heat oil in a pan and steam the Shrimp until cooked. Step 3: Add onion, garlic, and vegetables and cook briefly. Step 4: Combine everything and adjust seasoning. Step 5: Serve hot as a sandwich."
Vietnamese,Vegetarian,Herbed Kidney beans Stew ,1 hr 33 min,"Kidney beans, Tomato, Flour, Butter","Milk, Gluten","Step 1: Chop the vegetables and prepare the Kidney beans. Step 2: Heat oil in a pan and grill onion, garlic, and spices. Step 3: Add Kidney beans and cook until tender. Step 4: Mix in remaining ingredients and let it simmer. Step 5: Serve hot as a stew."
Vietnamese,Vegan,Crispy Tofu Stir-fry ,37 min,"Tofu, Olive oil, Vinegar, Ginger, Coriander, Chili, Paprika, Black pepper",Soy,"Step 1: Chop the vegetables and prepare the Tofu. Step 2: Heat oil in a pan and grill onion, garlic, and spices. Step 3: Add Tofu and cook until tender. Step 4: Mix in remaining ingredients and let it simmer. Step 5: Serve hot as a stir-fry."
Caribbean,Non-Vegetarian,Smoky Salmon Pizza ,1 hr 9 min,"Salmon, Herbs, Onion, Cumin, Yogurt, Vinegar, Lemon","Milk, Seafood","Step 1: Marinate the Salmon with salt, pepper, and spices. Step 2: Heat oil in a pan and saute the Salmon until cooked. Step 3: Add onion, garlic, and vegetables and cook briefly. Step 4: Combine everything and adjust seasoning. Step 5: Serve hot as a pizza."
Mexican,Non-Vegetarian,Savory Pork Rice Bowl ,1 hr 31 min,"Pork, Ginger, Flour, Chili, Onion, Black pepper, Garlic, Vinegar",Gluten,"Step 1: Marinate the Pork with salt, pepper, and spices. Step 2: Heat oil in a pan and braise the Pork until cooked. Step 3: Add onion, garlic, and vegetables and cook briefly. Step 4: Combine everything and adjust seasoning. Step 5: Serve hot as a rice bowl."
Lebanese,Vegetarian,Zesty Zucchini Curry ,31 min,"Zucchini, Olive oil, Chili, Yogurt, Butter, Onion, Milk",Milk,"Step 1: Chop the vegetables and prepare the Zucchini. Step 2: Heat oil in a pan and steam onion, garlic, and spices. Step 3: Add Zucchini and cook until tender. Step 4: Mix in remaining ingredients and let it simmer. Step 5: Serve hot as a curry."
Caribbean,Vegan,Herbed Kidney beans Stew ,43 min,"Kidney beans, Vinegar, Herbs, Soy sauce, Coriander, Garlic, Ginger",Soy,"Step 1: Chop the vegetables and prepare the Kidney beans. Step 2: Heat oil in a pan and roast onion, garlic, and spices. Step 3: Add Kidney beans and cook until tender. Step 4: Mix in remaining ingredients and let it simmer. Step 5: Serve hot as a stew."
Thai,Vegan,Lemony Chickpeas Burger ,15 min,"Chickpeas, Flour, Paprika, Vinegar, Soy sauce","Soy, Gluten","Step 1: Chop the vegetables and prepare the Chickpeas. Step 2: Heat oil in a pan and boil onion, garlic, and spices. Step 3: Add Chickpeas and cook until tender. Step 4: Mix in remaining ingredients and let it simmer. Step 5: Serve hot as a burger."
Lebanese,Vegan,Minty Kidney beans Pizza ,44 min,"Kidney beans, Tomato, Soy sauce, Paprika, Chili, Nuts, Flour","Soy, Nuts, Gluten","Step 1: Chop the vegetables and prepare the Kidney beans. Step 2: Heat oil in a pan and steam onion, garlic, and spices. Step 3: Add Kidney beans and cook until tender. Step 4: Mix in remaining ingredients and let it simmer. Step 5: Serve hot as a pizza."
Vietnamese,Non-Vegetarian,Creamy Tuna Soup ,1 hr 37 min,"Tuna, Sugar, Yogurt, Honey, Black pepper","Milk, Seafood, Honey","Step 1: Marinate the Tuna with salt, pepper, and spices. Step 2: Heat oil in a pan and simmer the Tuna until cooked. Step 3: Add onion, garlic, and vegetables and cook briefly. Step 4: Combine everything and adjust seasoning. Step 5: Serve hot as a soup."
Vietnamese,Vegetarian,Garlic Tomato Frittata ,30 min,"Tomato, Soy sauce, Salt, Butter, Cumin, Cheese, Olive oil, Coriander","Milk, Soy","Step 1: Chop the vegetables and prepare the Tomato. Step 2: Heat oil in a pan and boil onion, garlic, and spices. Step 3: Add Tomato and cook until tender. Step 4: Mix in remaining ingredients and let it simmer. Step 5: Serve hot as a frittata."
Italian,Vegan,Quick Tofu Salad ,1 hr 15 min,"Tofu, Soy sauce, Chili, Coriander, Lemon",Soy,"Step 1: Chop the vegetables and prepare the Tofu. Step 2: Heat oil in a pan and boil onion, garlic, and spices. Step 3: Add Tofu and cook until tender. Step 4: Mix in remaining ingredients and let it simmer. Step 5: Serve hot as a salad."
Moroccan,Non-Vegetarian,Easy Tuna Pasta ,1 hr 49 min,"Tuna, Vinegar, Paprika, Lemon, Butter, Tomato, Cheese, Onion","Milk, Seafood","Step 1: Marinate the Tuna with salt, pepper, and spices. Step 2: Heat oil in a pan and steam the Tuna until cooked. Step 3: Add onion, garlic, and vegetables and cook briefly. Step 4: Combine everything and adjust seasoning. Step 5: Serve hot as a pasta."
Ethiopian,Vegan,Honey Tomato Burger ,42 min,"Tomato, Olive oil, Cumin, Black pepper, Sugar, Nuts",Nuts,"Step 1: Chop the vegetables and prepare the Tomato. Step 2: Heat oil in a pan and saute onion, garlic, and spices. Step 3: Add Tomato and cook until tender. Step 4: Mix in remaining ingredients and let it simmer. Step 5: Serve hot as a burger."
Italian,Vegetarian,Quick Black beans Rice Bowl ,1 hr 36 min,"Black beans, Lemon, Butter, Garlic, Sugar",Milk,"Step 1: Chop the vegetables and prepare the Black beans. Step 2: Heat oil in a pan and roast onion, garlic, and spices. Step 3: Add Black beans and cook until tender. Step 4: Mix in remaining ingredients and let it simmer. Step 5: Serve hot as a rice bowl."
French,Vegan,Peanut Sweet potato Curry ,1 hr 42 min,"Sweet potato, Flour, Cumin, Tomato, Coriander",Gluten,"Step 1: Chop the vegetables and prepare the Sweet potato. Step 2: Heat oil in a pan and blanch onion, garlic, and spices. Step 3: Add Sweet potato and cook until tender. Step 4: Mix in remaining ingredients and let it simmer. Step 5: Serve hot as a curry."
Korean,Vegetarian,Simple Tomato Curry ,1 hr 16 min,"Tomato, Chili, Onion, Black pepper, Ginger, Milk",Milk,"Step 1: Chop the vegetables and prepare the Tomato. Step 2: Heat oil in a pan and grill onion, garlic, and spices. Step 3: Add Tomato and cook until tender. Step 4: Mix in remaining ingredients and let it simmer. Step 5: Serve hot as a curry."
Mediterranean,Non-Vegetarian,Simple Fish Wrap ,1 hr 32 min,"Fish, Butter, Paprika, Black pepper, Coriander, Garlic, Yogurt, Vinegar","Milk, Seafood","Step 1: Marinate the Fish with salt, pepper, and spices. Step 2: Heat oil in a pan and bake the Fish until cooked. Step 3: Add onion, garlic, and vegetables and cook briefly. Step 4: Combine everything and adjust seasoning. Step 5: Serve hot as a wrap."
Mexican,Non-Vegetarian,Creamy Fish Frittata ,50 min,"Fish, Flour, Lemon, Tomato, Cumin, Salt, Butter","Milk, Gluten, Seafood","Step 1: Marinate the Fish with salt, pepper, and spices. Step 2: Heat oil in a pan and braise the Fish until cooked. Step 3: Add onion, garlic, and vegetables and cook briefly. Step 4: Combine everything and adjust seasoning. Step 5: Serve hot as a frittata."
Vietnamese,Vegan,Warm Black beans Rice Bowl ,40 min,"Black beans, Tomato, Lemon, Onion, Garlic",,"Step 1: Chop the vegetables and prepare the Black beans. Step 2: Heat oil in a pan and stir-fry onion, garlic, and spices. Step 3: Add Black beans and cook until tender. Step 4: Mix in remaining ingredients and let it simmer. Step 5: Serve hot as a rice bowl."
French,Vegan,Minty Cauliflower Pilaf ,28 min,"Cauliflower, Paprika, Garlic",,"Step 1: Chop the vegetables and prepare the Cauliflower. Step 2: Heat oil in a pan and saute onion, garlic, and spices. Step 3: Add Cauliflower and cook until tender. Step 4: Mix in remaining ingredients and let it simmer. Step 5: Serve hot as a pilaf."
French,Vegan,Spicy Quinoa Pasta ,1 hr 34 min,"Quinoa, Garlic, Nuts, Herbs, Chili",Nuts,"Step 1: Chop the vegetables and prepare the Quinoa. Step 2: Heat oil in a pan and blanch onion, garlic, and spices. Step 3: Add Quinoa and cook until tender. Step 4: Mix in remaining ingredients and let it simmer. Step 5: Serve hot as a pasta."
French,Vegan,Herbed Kidney beans Wrap ,1 hr 19 min,"Kidney beans, Garlic, Lemon, Herbs",,"Step 1: Chop the vegetables and prepare the Kidney beans. Step 2: Heat oil in a pan and stir-fry onion, garlic, and spices. Step 3: Add Kidney beans and cook until tender. Step 4: Mix in remaining ingredients and let it simmer. Step 5: Serve hot as a wrap."
Spanish,Non-Vegetarian,Easy Tuna Kebab ,23 min,"Tuna, Garlic, Butter, Lemon, Nuts","Milk, Nuts, Seafood","Step 1: Marinate the Tuna with salt, pepper, and spices. Step 2: Heat oil in a pan and pan-fry the Tuna until cooked. Step 3: Add onion, garlic, and vegetables and cook briefly. Step 4: Combine everything and adjust seasoning. Step 5: Serve hot as a kebab."
Korean,Vegetarian,Light Rice Wrap ,1 hr 16 min,"Rice, Yogurt, Salt, Milk, Butter, Sugar, Chili, Soy sauce","Milk, Soy","Step 1: Chop the vegetables and prepare the Rice. Step 2: Heat oil in a pan and pan-fry onion, garlic, and spices. Step 3: Add Rice and cook until tender. Step 4: Mix in remaining ingredients and let it simmer. Step 5: Serve hot as a wrap."
Lebanese,Non-Vegetarian,Smoky Pork Fritters ,57 min,"Pork, Onion, Yogurt, Soy sauce, Nuts, Paprika","Milk, Soy, Nuts","Step 1: Marinate the Pork with salt, pepper, and spices. Step 2: Heat oil in a pan and grill the Pork until cooked. Step 3: Add onion, garlic, and vegetables and cook briefly. Step 4: Combine everything and adjust seasoning. Step 5: Serve hot as a fritters."
Spanish,Vegetarian,Crispy Bell pepper Stir-fry ,48 min,"Bell pepper, Herbs, Onion, Garlic, Butter, Paprika",Milk,"Step 1: Chop the vegetables and prepare the Bell pepper. Step 2: Heat oil in a pan and simmer onion, garlic, and spices. Step 3: Add Bell pepper and cook until tender. Step 4: Mix in remaining ingredients and let it simmer. Step 5: Serve hot as a stir-fry."
Brazilian,Non-Vegetarian,Light Lamb Tacos ,47 min,"Lamb, Cumin, Flour, Yogurt, Butter, Sugar","Milk, Gluten","Step 1: Marinate the Lamb with salt, pepper, and spices. Step 2: Heat oil in a pan and boil the Lamb until cooked. Step 3: Add onion, garlic, and vegetables and cook briefly. Step 4: Combine everything and adjust seasoning. Step 5: Serve hot as a tacos."
Mediterranean,Non-Vegetarian,Simple Beef Wrap ,2 hr,"Beef, Flour, Nuts, Sugar, Onion, Salt","Nuts, Gluten","Step 1: Marinate the Beef with salt, pepper, and spices. Step 2: Heat oil in a pan and simmer the Beef until cooked. Step 3: Add onion, garlic, and vegetables and cook briefly. Step 4: Combine everything and adjust seasoning. Step 5: Serve hot as a wrap."
Spanish,Non-Vegetarian,Herbed Chicken Burger ,29 min,"Chicken, Yogurt, Milk, Olive oil, Chili, Soy sauce, Cumin, Coriander","Milk, Soy","Step 1: Marinate the Chicken with salt, pepper, and spices. Step 2: Heat oil in a pan and stir-fry the Chicken until cooked. Step 3: Add onion, garlic, and vegetables and cook briefly. Step 4: Combine everything and adjust seasoning. Step 5: Serve hot as a burger."
Greek,Vegan,Lemony Zucchini Burger ,29 min,"Zucchini, Garlic, Salt, Soy sauce, Paprika, Nuts","Soy, Nuts","Step 1: Chop the vegetables and prepare the Zucchini. Step 2: Heat oil in a pan and steam onion, garlic, and spices. Step 3: Add Zucchini and cook until tender. Step 4: Mix in remaining ingredients and let it simmer. Step 5: Serve hot as a burger."
Lebanese,Vegan,Herbed Potato Curry ,10 min,"Potato, Lemon, Chili, Paprika, Flour",Gluten,"Step 1: Chop the vegetables and prepare the Potato. Step 2: Heat oil in a pan and steam onion, garlic, and spices. Step 3: Add Potato and cook until tender. Step 4: Mix in remaining ingredients and let it simmer. Step 5: Serve hot as a curry."
Vietnamese,Vegetarian,Coconut Black beans Skewers ,58 min,"Black beans, Vinegar, Coriander, Milk, Butter, Cheese",Milk,"Step 1: Chop the vegetables and prepare the Black beans. Step 2: Heat oil in a pan and roast onion, garlic, and spices. Step 3: Add Black beans and cook until tender. Step 4: Mix in remaining ingredients and let it simmer. Step 5: Serve hot as a skewers."
Caribbean,Vegan,Creamy Pumpkin Burger ,1 hr 41 min,"Pumpkin, Chili, Nuts",Nuts,"Step 1: Chop the vegetables and prepare the Pumpkin. Step 2: Heat oil in a pan and bake onion, garlic, and spices. Step 3: Add Pumpkin and cook until tender. Step 4: Mix in remaining ingredients and let it simmer. Step 5: Serve hot as a burger."
Thai,Vegetarian,Warm Cauliflower Skewers ,1 hr 21 min,"Cauliflower, Onion, Butter, Vinegar, Salt, Black pepper, Olive oil",Milk,"Step 1: Chop the vegetables and prepare the Cauliflower. Step 2: Heat oil in a pan and boil onion, garlic, and spices. Step 3: Add Cauliflower and cook until tender. Step 4: Mix in remaining ingredients and let it simmer. Step 5: Serve hot as a skewers."
Korean,Vegan,Simple Mushroom Soup ,1 hr 56 min,"Mushroom, Flour, Paprika, Nuts, Ginger","Nuts, Gluten","Step 1: Chop the vegetables and prepare the Mushroom. Step 2: Heat oil in a pan and simmer onion, garlic, and spices. Step 3: Add Mushroom and cook until tender. Step 4: Mix in remaining ingredients and let it simmer. Step 5: Serve hot as a soup."
Thai,Vegetarian,Peanut Mushroom Fritters ,1 hr 48 min,"Mushroom, Onion, Paprika, Honey, Salt, Ginger, Lemon, Flour","Gluten, Honey","Step 1: Chop the vegetables and prepare the Mushroom. Step 2: Heat oil in a pan and pan-fry onion, garlic, and spices. Step 3: Add Mushroom and cook until tender. Step 4: Mix in remaining ingredients and let it simmer. Step 5: Serve hot as a fritters."
Brazilian,Non-Vegetarian,Zesty Lamb Pilaf ,33 min,"Lamb, Herbs, Flour, Coriander, Yogurt, Chili","Milk, Gluten","Step 1: Marinate the Lamb with salt, pepper, and spices. Step 2: Heat oil in a pan and roast the Lamb until cooked. Step 3: Add onion, garlic, and vegetables and cook briefly. Step 4: Combine everything and adjust seasoning. Step 5: Serve hot as a pilaf."
Turkish,Vegetarian,Garlic Chickpeas Skewers ,1 hr 34 min,"Chickpeas, Onion, Olive oil, Butter, Nuts, Vinegar","Milk, Nuts","Step 1: Chop the vegetables and prepare the Chickpeas. Step 2: Heat oil in a pan and roast onion, garlic, and spices. Step 3: Add Chickpeas and cook until tender. Step 4: Mix in remaining ingredients and let it simmer. Step 5: Serve hot as a skewers."
American,Non-Vegetarian,Herbed Chicken Casserole ,48 min,"Chicken, Soy sauce, Vinegar, Flour","Soy, Gluten","Step 1: Marinate the Chicken with salt, pepper, and spices. Step 2: Heat oil in a pan and saute the Chicken until cooked. Step 3: Add onion, garlic, and vegetables and cook briefly. Step 4: Combine everything and adjust seasoning. Step 5: Serve hot as a casserole."
Spanish,Non-Vegetarian,Peanut Turkey Pizza ,17 min,"Turkey, Ginger, Yogurt, Chili, Herbs, Sugar, Cumin",Milk,"Step 1: Marinate the Turkey with salt, pepper, and spices. Step 2: Heat oil in a pan and roast the Turkey until cooked. Step 3: Add onion, garlic, and vegetables and cook briefly. Step 4: Combine everything and adjust seasoning. Step 5: Serve hot as a pizza."
Mexican,Vegan,Simple Sweet potato Rice Bowl ,42 min,"Sweet potato, Vinegar, Sugar, Paprika",,"Step 1: Chop the vegetables and prepare the Sweet potato. Step 2: Heat oil in a pan and stir-fry onion, garlic, and spices. Step 3: Add Sweet potato and cook until tender. Step 4: Mix in remaining ingredients and let it simmer. Step 5: Serve hot as a rice bowl."
Peruvian,Vegetarian,Lemony Tofu Stew ,1 hr 39 min,"Tofu, Tomato, Nuts, Olive oil, Salt, Honey","Soy, Nuts, Honey","Step 1: Chop the vegetables and prepare the Tofu. Step 2: Heat oil in a pan and boil onion, garlic, and spices. Step 3: Add Tofu and cook until tender. Step 4: Mix in remaining ingredients and let it simmer. Step 5: Serve hot as a stew."
Peruvian,Vegetarian,Spicy Quinoa Skewers ,1 hr 19 min,"Quinoa, Butter, Lemon, Black pepper, Yogurt",Milk,"Step 1: Chop the vegetables and prepare the Quinoa. Step 2: Heat oil in a pan and saute onion, garlic, and spices. Step 3: Add Quinoa and cook until tender. Step 4: Mix in remaining ingredients and let it simmer. Step 5: Serve hot as a skewers."
Turkish,Vegan,Crispy Rice Tacos ,9 min,"Rice, Olive oil, Herbs, Nuts, Black pepper",Nuts,"Step 1: Chop the vegetables and prepare the Rice. Step 2: Heat oil in a pan and simmer onion, garlic, and spices. Step 3: Add Rice and cook until tender. Step 4: Mix in remaining ingredients and let it simmer. Step 5: Serve hot as a tacos."
Brazilian,Vegan,Smoky Potato Sandwich ,52 min,"Potato, Nuts, Garlic, Salt",Nuts,"Step 1: Chop the vegetables and prepare the Potato. Step 2: Heat oil in a pan and braise onion, garlic, and spices. Step 3: Add Potato and cook until tender. Step 4: Mix in remaining ingredients and let it simmer. Step 5: Serve hot as a sandwich."
Vietnamese,Vegetarian,Spicy Zucchini Pasta ,45 min,"Zucchini, Soy sauce, Olive oil, Coriander, Butter, Honey","Milk, Soy, Honey","Step 1: Chop the vegetables and prepare the Zucchini. Step 2: Heat oil in a pan and simmer onion, garlic, and spices. Step 3: Add Zucchini and cook until tender. Step 4: Mix in remaining ingredients and let it simmer. Step 5: Serve hot as a pasta."
Italian,Vegan,Peanut Corn Pizza ,27 min,"Corn, Nuts, Garlic, Black pepper, Soy sauce","Soy, Nuts","Step 1: Chop the vegetables and prepare the Corn. Step 2: Heat oil in a pan and saute onion, garlic, and spices. Step 3: Add Corn and cook until tender. Step 4: Mix in remaining ingredients and let it simmer. Step 5: Serve hot as a pizza."
Indian,Vegan,Savory Bell pepper Skewers ,1 hr 59 min,"Bell pepper, Herbs, Salt, Vinegar, Olive oil, Flour",Gluten,"Step 1: Chop the vegetables and prepare the Bell pepper. Step 2: Heat oil in a pan and stir-fry onion, garlic, and spices. Step 3: Add Bell pepper and cook until tender. Step 4: Mix in remaining ingredients and let it simmer. Step 5: Serve hot as a skewers."
Spanish,Non-Vegetarian,Coconut Tuna Sandwich ,1 hr 10 min,"Tuna, Chili, Lemon, Onion",Seafood,"Step 1: Marinate the Tuna with salt, pepper, and spices. Step 2: Heat oil in a pan and bake the Tuna until cooked. Step 3: Add onion, garlic, and vegetables and cook briefly. Step 4: Combine everything and adjust seasoning. Step 5: Serve hot as a sandwich."
Mexican,Non-Vegetarian,Spicy Pork Pizza ,19 min,"Pork, Onion, Coriander, Ginger, Nuts, Sugar, Salt",Nuts,"Step 1: Marinate the Pork with salt, pepper, and spices. Step 2: Heat oil in a pan and stir-fry the Pork until cooked. Step 3: Add onion, garlic, and vegetables and cook briefly. Step 4: Combine everything and adjust seasoning. Step 5: Serve hot as a pizza."
Mexican,Non-Vegetarian,Simple Salmon Soup ,1 hr 50 min,"Salmon, Garlic, Sugar, Soy sauce, Vinegar","Soy, Seafood","Step 1: Marinate the Salmon with salt, pepper, and spices. Step 2: Heat oil in a pan and saute the Salmon until cooked. Step 3: Add onion, garlic, and vegetables and cook briefly. Step 4: Combine everything and adjust seasoning. Step 5: Serve hot as a soup."
Chinese,Non-Vegetarian,Tangy Shrimp Pasta ,1 hr 49 min,"Shrimp, Flour, Soy sauce, Herbs, Cumin, Nuts","Soy, Nuts, Gluten, Seafood","Step 1: Marinate the Shrimp with salt, pepper, and spices. Step 2: Heat oil in a pan and stir-fry the Shrimp until cooked. Step 3: Add onion, garlic, and vegetables and cook briefly. Step 4: Combine everything and adjust seasoning. Step 5: Serve hot as a pasta."
Japanese,Vegan,Simple Lentils Tacos ,58 min,"Lentils, Cumin, Lemon, Salt, Ginger",,"Step 1: Chop the vegetables and prepare the Lentils. Step 2: Heat oil in a pan and braise onion, garlic, and spices. Step 3: Add Lentils and cook until tender. Step 4: Mix in remaining ingredients and let it simmer. Step 5: Serve hot as a tacos."
Moroccan,Non-Vegetarian,Coconut Chicken Sandwich ,1 hr 44 min,"Chicken, Tomato, Black pepper, Olive oil",,"Step 1: Marinate the Chicken with salt, pepper, and spices. Step 2: Heat oil in a pan and saute the Chicken until cooked. Step 3: Add onion, garlic, and vegetables and cook briefly. Step 4: Combine everything and adjust seasoning. Step 5: Serve hot as a sandwich."
Moroccan,Non-Vegetarian,Herbed Shrimp Frittata ,1 hr 28 min,"Shrimp, Black pepper, Herbs, Soy sauce, Onion, Ginger, Chili","Soy, Seafood","Step 1: Marinate the Shrimp with salt, pepper, and spices. Step 2: Heat oil in a pan and braise the Shrimp until cooked. Step 3: Add onion, garlic, and vegetables and cook briefly. Step 4: Combine everything and adjust seasoning. Step 5: Serve hot as a frittata."
American,Non-Vegetarian,Smoky Lamb Tacos ,1 hr 41 min,"Lamb, Sugar, Butter, Soy sauce, Ginger, Onion, Flour, Cheese","Milk, Soy, Gluten","Step 1: Marinate the Lamb with salt, pepper, and spices. Step 2: Heat oil in a pan and boil the Lamb until cooked. Step 3: Add onion, garlic, and vegetables and cook briefly. Step 4: Combine everything and adjust seasoning. Step 5: Serve hot as a tacos."
Peruvian,Vegan,Quick Bell pepper Curry ,1 hr 48 min,"Bell pepper, Salt, Lemon",,"Step 1: Chop the vegetables and prepare the Bell pepper. Step 2: Heat oil in a pan and saute onion, garlic, and spices. Step 3: Add Bell pepper and cook until tender. Step 4: Mix in remaining ingredients and let it simmer. Step 5: Serve hot as a curry."
Italian,Vegetarian,Quick Corn Pizza ,1 hr 55 min,"Corn, Garlic, Onion, Tomato, Olive oil, Salt, Flour",Gluten,"Step 1: Chop the vegetables and prepare the Corn. Step 2: Heat oil in a pan and braise onion, garlic, and spices. Step 3: Add Corn and cook until tender. Step 4: Mix in remaining ingredients and let it simmer. Step 5: Serve hot as a pizza."
Mexican,Vegetarian,Zesty Spinach Pilaf ,47 min,"Spinach, Sugar, Cumin, Ginger, Nuts, Soy sauce, Coriander, Butter","Milk, Soy, Nuts","Step 1: Chop the vegetables and prepare the Spinach. Step 2: Heat oil in a pan and bake onion, garlic, and spices. Step 3: Add Spinach and cook until tender. Step 4: Mix in remaining ingredients and let it simmer. Step 5: Serve hot as a pilaf."
Lebanese,Vegetarian,Herbed Kidney beans Salad ,32 min,"Kidney beans, Herbs, Garlic, Milk, Black pepper, Ginger, Lemon, Tomato",Milk,"Step 1: Chop the vegetables and prepare the Kidney beans. Step 2: Heat oil in a pan and pan-fry onion, garlic, and spices. Step 3: Add Kidney beans and cook until tender. Step 4: Mix in remaining ingredients and let it simmer. Step 5: Serve hot as a salad."
Ethiopian,Vegetarian,Smoky Tofu Frittata ,1 hr 47 min,"Tofu, Chili, Olive oil, Lemon, Herbs, Ginger, Sugar, Coriander",Soy,"Step 1: Chop the vegetables and prepare the Tofu. Step 2: Heat oil in a pan and blanch onion, garlic, and spices. Step 3: Add Tofu and cook until tender. Step 4: Mix in remaining ingredients and let it simmer. Step 5: Serve hot as a frittata."
Indian,Non-Vegetarian,Tangy Chicken Stir-fry ,1 hr 48 min,"Chicken, Sugar, Cumin, Tomato, Cheese, Butter",Milk,"Step 1: Marinate the Chicken with salt, pepper, and spices. Step 2: Heat oil in a pan and braise the Chicken until cooked. Step 3: Add onion, garlic, and vegetables and cook briefly. Step 4: Combine everything and adjust seasoning. Step 5: Serve hot as a stir-fry."
Italian,Vegan,Hearty Kidney beans Frittata ,1 hr 42 min,"Kidney beans, Herbs, Nuts, Ginger, Coriander",Nuts,"Step 1: Chop the vegetables and prepare the Kidney beans. Step 2: Heat oil in a pan and blanch onion, garlic, and spices. Step 3: Add Kidney beans and cook until tender. Step 4: Mix in remaining ingredients and let it simmer. Step 5: Serve hot as a frittata."
Mediterranean,Vegetarian,Simple Eggplant Pizza ,1 hr 11 min,"Eggplant, Herbs, Cumin, Black pepper, Tomato, Vinegar",Eggs,"Step 1: Chop the vegetables and prepare the Eggplant. Step 2: Heat oil in a pan and roast onion, garlic, and spices. Step 3: Add Eggplant and cook until tender. Step 4: Mix in remaining ingredients and let it simmer. Step 5: Serve hot as a pizza."
Spanish,Non-Vegetarian,Hearty Beef Wrap ,1 hr 56 min,"Beef, Cumin, Cheese, Soy sauce, Yogurt","Milk, Soy","Step 1: Marinate the Beef with salt, pepper, and spices. Step 2: Heat oil in a pan and blanch the Beef until cooked. Step 3: Add onion, garlic, and vegetables and cook briefly. Step 4: Combine everything and adjust seasoning. Step 5: Serve hot as a wrap."
French,Vegan,Easy Pumpkin Rice Bowl ,1 hr 25 min,"Pumpkin, Onion, Sugar, Herbs",,"Step 1: Chop the vegetables and prepare the Pumpkin. Step 2: Heat oil in a pan and boil onion, garlic, and spices. Step 3: Add Pumpkin and cook until tender. Step 4: Mix in remaining ingredients and let it simmer. Step 5: Serve hot as a rice bowl."
Greek,Vegan,Lemony Corn Fritters ,1 hr 38 min,"Corn, Lemon, Nuts, Salt",Nuts,"Step 1: Chop the vegetables and prepare the Corn. Step 2: Heat oil in a pan and bake onion, garlic, and spices. Step 3: Add Corn and cook until tender. Step 4: Mix in remaining ingredients and let it simmer. Step 5: Serve hot as a fritters."
Greek,Vegetarian,Creamy Eggplant Fritters ,1 hr 22 min,"Eggplant, Coriander, Olive oil, Cumin, Milk","Milk, Eggs","Step 1: Chop the vegetables and prepare the Eggplant. Step 2: Heat oil in a pan and saute onion, garlic, and spices. Step 3: Add Eggplant and cook until tender. Step 4: Mix in remaining ingredients and let it simmer. Step 5: Serve hot as a fritters."
Peruvian,Vegetarian,Hearty Cauliflower Soup ,1 hr 42 min,"Cauliflower, Garlic, Nuts, Flour, Yogurt","Milk, Nuts, Gluten","Step 1: Chop the vegetables and prepare the Cauliflower. Step 2: Heat oil in a pan and roast onion, garlic, and spices. Step 3: Add Cauliflower and cook until tender. Step 4: Mix in remaining ingredients and let it simmer. Step 5: Serve hot as a soup."
French,Vegetarian,Spicy Spinach Pizza ,1 hr 13 min,"Spinach, Garlic, Onion, Sugar, Butter, Salt, Vinegar, Chili",Milk,"Step 1: Chop the vegetables and prepare the Spinach. Step 2: Heat oil in a pan and simmer onion, garlic, and spices. Step 3: Add Spinach and cook until tender. Step 4: Mix in remaining ingredients and let it simmer. Step 5: Serve hot as a pizza."
Vietnamese,Vegan,Creamy Zucchini Rice Bowl ,49 min,"Zucchini, Salt, Sugar, Paprika, Onion, Ginger",,"Step 1: Chop the vegetables and prepare the Zucchini. Step 2: Heat oil in a pan and saute onion, garlic, and spices. Step 3: Add Zucchini and cook until tender. Step 4: Mix in remaining ingredients and let it simmer. Step 5: Serve hot as a rice bowl."
French,Non-Vegetarian,Tangy Chicken Salad ,1 hr 3 min,"Chicken, Onion, Soy sauce, Black pepper",Soy,"Step 1: Marinate the Chicken with salt, pepper, and spices. Step 2: Heat oil in a pan and bake the Chicken until cooked. Step 3: Add onion, garlic, and vegetables and cook briefly. Step 4: Combine everything and adjust seasoning. Step 5: Serve hot as a salad."
French,Non-Vegetarian,Herbed Shrimp Risotto ,1 hr 26 min,"Shrimp, Black pepper, Flour, Lemon, Tomato, Paprika","Gluten, Seafood","Step 1: Marinate the Shrimp with salt, pepper, and spices. Step 2: Heat oil in a pan and saute the Shrimp until cooked. Step 3: Add onion, garlic, and vegetables and cook briefly. Step 4: Combine everything and adjust seasoning. Step 5: Serve hot as a risotto."
Moroccan,Non-Vegetarian,Hearty Mutton Skewers ,1 hr 54 min,"Mutton, Salt, Garlic, Black pepper, Coriander, Honey, Herbs, Nuts","Nuts, Honey","Step 1: Marinate the Mutton with salt, pepper, and spices. Step 2: Heat oil in a pan and roast the Mutton until cooked. Step 3: Add onion, garlic, and vegetables and cook briefly. Step 4: Combine everything and adjust seasoning. Step 5: Serve hot as a skewers."
Lebanese,Vegan,Simple Sweet potato Casserole ,1 hr 15 min,"Sweet potato, Soy sauce, Ginger, Garlic, Coriander",Soy,"Step 1: Chop the vegetables and prepare the Sweet potato. Step 2: Heat oil in a pan and saute onion, garlic, and spices. Step 3: Add Sweet potato and cook until tender. Step 4: Mix in remaining ingredients and let it simmer. Step 5: Serve hot as a casserole."
Ethiopian,Vegan,Peanut Spinach Salad ,1 hr 1 min,"Spinach, Ginger, Herbs, Sugar, Nuts, Black pepper",Nuts,"Step 1: Chop the vegetables and prepare the Spinach. Step 2: Heat oil in a pan and pan-fry onion, garlic, and spices. Step 3: Add Spinach and cook until tender. Step 4: Mix in remaining ingredients and let it simmer. Step 5: Serve hot as a salad."
Brazilian,Vegetarian,Simple Paneer Pasta ,32 min,"Paneer, Flour, Black pepper, Yogurt, Milk, Ginger, Lemon","Milk, Gluten","Step 1: Chop the vegetables and prepare the Paneer. Step 2: Heat oil in a pan and boil onion, garlic, and spices. Step 3: Add Paneer and cook until tender. Step 4: Mix in remaining ingredients and let it simmer. Step 5: Serve hot as a pasta."
Japanese,Non-Vegetarian,Garlic Fish Burger ,1 hr 5 min,"Fish, Yogurt, Black pepper, Garlic, Flour, Coriander, Ginger, Cheese","Milk, Gluten, Seafood","Step 1: Marinate the Fish with salt, pepper, and spices. Step 2: Heat oil in a pan and roast the Fish until cooked. Step 3: Add onion, garlic, and vegetables and cook briefly. Step 4: Combine everything and adjust seasoning. Step 5: Serve hot as a burger."
Vietnamese,Vegan,Savory Zucchini Soup ,1 hr 21 min,"Zucchini, Tomato, Black pepper, Lemon, Olive oil, Coriander",,"Step 1: Chop the vegetables and prepare the Zucchini. Step 2: Heat oil in a pan and steam onion, garlic, and spices. Step 3: Add Zucchini and cook until tender. Step 4: Mix in remaining ingredients and let it simmer. Step 5: Serve hot as a soup."
Mediterranean,Vegan,Minty Eggplant Soup ,50 min,"Eggplant, Paprika, Nuts, Olive oil, Vinegar, Ginger, Cumin","Nuts, Eggs","Step 1: Chop the vegetables and prepare the Eggplant. Step 2: Heat oil in a pan and grill onion, garlic, and spices. Step 3: Add Eggplant and cook until tender. Step 4: Mix in remaining ingredients and let it simmer. Step 5: Serve hot as a soup."
Indian,Vegan,Quick Sweet potato Skewers ,2 hr,"Sweet potato, Olive oil, Onion, Tomato, Paprika, Garlic",,"Step 1: Chop the vegetables and prepare the Sweet potato. Step 2: Heat oil in a pan and pan-fry onion, garlic, and spices. Step 3: Add Sweet potato and cook until tender. Step 4: Mix in remaining ingredients and let it simmer. Step 5: Serve hot as a skewers."
Chinese,Non-Vegetarian,Savory Beef Stir-fry ,35 min,"Beef, Nuts, Chili, Cheese, Soy sauce, Honey, Cumin","Milk, Soy, Nuts, Honey","Step 1: Marinate the Beef with salt, pepper, and spices. Step 2: Heat oil in a pan and saute the Beef until cooked. Step 3: Add onion, garlic, and vegetables and cook briefly. Step 4: Combine everything and adjust seasoning. Step 5: Serve hot as a stir-fry."
Chinese,Vegan,Zesty Black beans Pilaf ,1 hr 50 min,"Black beans, Chili, Tomato, Lemon, Nuts",Nuts,"Step 1: Chop the vegetables and prepare the Black beans. Step 2: Heat oil in a pan and braise onion, garlic, and spices. Step 3: Add Black beans and cook until tender. Step 4: Mix in remaining ingredients and let it simmer. Step 5: Serve hot as a pilaf."
Mediterranean,Vegetarian,Coconut Mushroom Stir-fry ,12 min,"Mushroom, Herbs, Tomato, Salt, Olive oil",,"Step 1: Chop the vegetables and prepare the Mushroom. Step 2: Heat oil in a pan and boil onion, garlic, and spices. Step 3: Add Mushroom and cook until tender. Step 4: Mix in remaining ingredients and let it simmer. Step 5: Serve hot as a stir-fry."
Indian,Non-Vegetarian,Peanut Salmon Pasta ,12 min,"Salmon, Coriander, Ginger, Nuts, Lemon, Cumin","Nuts, Seafood","Step 1: Marinate the Salmon with salt, pepper, and spices. Step 2: Heat oil in a pan and roast the Salmon until cooked. Step 3: Add onion, garlic, and vegetables and cook briefly. Step 4: Combine everything and adjust seasoning. Step 5: Serve hot as a pasta."
Caribbean,Vegetarian,Smoky Eggplant Wrap ,1 hr 15 min,"Eggplant, Soy sauce, Butter, Onion, Paprika, Yogurt, Black pepper","Milk, Soy, Eggs","Step 1: Chop the vegetables and prepare the Eggplant. Step 2: Heat oil in a pan and blanch onion, garlic, and spices. Step 3: Add Eggplant and cook until tender. Step 4: Mix in remaining ingredients and let it simmer. Step 5: Serve hot as a wrap."
Brazilian,Vegetarian,Hearty Tomato Tacos ,1 hr 56 min,"Tomato, Onion, Butter, Cumin",Milk,"Step 1: Chop the vegetables and prepare the Tomato. Step 2: Heat oil in a pan and steam onion, garlic, and spices. Step 3: Add Tomato and cook until tender. Step 4: Mix in remaining ingredients and let it simmer. Step 5: Serve hot as a tacos."
Greek,Vegetarian,Smoky Paneer Stir-fry ,1 hr 58 min,"Paneer, Herbs, Vinegar, Onion, Black pepper, Coriander, Butter",Milk,"Step 1: Chop the vegetables and prepare the Paneer. Step 2: Heat oil in a pan and stir-fry onion, garlic, and spices. Step 3: Add Paneer and cook until tender. Step 4: Mix in remaining ingredients and let it simmer. Step 5: Serve hot as a stir-fry."
Moroccan,Vegan,Lemony Quinoa Stew ,45 min,"Quinoa, Chili, Paprika, Cumin, Nuts",Nuts,"Step 1: Chop the vegetables and prepare the Quinoa. Step 2: Heat oil in a pan and pan-fry onion, garlic, and spices. Step 3: Add Quinoa and cook until tender. Step 4: Mix in remaining ingredients and let it simmer. Step 5: Serve hot as a stew."
Japanese,Vegetarian,Coconut Bell pepper Curry ,1 hr 39 min,"Bell pepper, Lemon, Tomato, Butter, Ginger, Milk, Olive oil, Garlic",Milk,"Step 1: Chop the vegetables and prepare the Bell pepper. Step 2: Heat oil in a pan and steam onion, garlic, and spices. Step 3: Add Bell pepper and cook until tender. Step 4: Mix in remaining ingredients and let it simmer. Step 5: Serve hot as a curry."
Mediterranean,Vegan,Lemony Cauliflower Frittata ,43 min,"Cauliflower, Cumin, Black pepper, Soy sauce, Chili, Paprika, Garlic",Soy,"Step 1: Chop the vegetables and prepare the Cauliflower. Step 2: Heat oil in a pan and braise onion, garlic, and spices. Step 3: Add Cauliflower and cook until tender. Step 4: Mix in remaining ingredients and let it simmer. Step 5: Serve hot as a frittata."
Korean,Vegetarian,Peanut Mushroom Casserole ,1 hr 34 min,"Mushroom, Tomato, Herbs, Vinegar, Onion, Chili, Coriander",,"Step 1: Chop the vegetables and prepare the Mushroom. Step 2: Heat oil in a pan and blanch onion, garlic, and spices. Step 3: Add Mushroom and cook until tender. Step 4: Mix in remaining ingredients and let it simmer. Step 5: Serve hot as a casserole."
Brazilian,Vegetarian,Minty Tomato Soup ,1 hr 31 min,"Tomato, Ginger, Milk, Yogurt, Nuts","Milk, Nuts","Step 1: Chop the vegetables and prepare the Tomato. Step 2: Heat oil in a pan and simmer onion, garlic, and spices. Step 3: Add Tomato and cook until tender. Step 4: Mix in remaining ingredients and let it simmer. Step 5: Serve hot as a soup."
Turkish,Non-Vegetarian,Light Mutton Fritters ,1 hr 36 min,"Mutton, Ginger, Cumin, Herbs, Sugar, Lemon, Olive oil, Paprika",,"Step 1: Marinate the Mutton with salt, pepper, and spices. Step 2: Heat oil in a pan and stir-fry the Mutton until cooked. Step 3: Add onion, garlic, and vegetables and cook briefly. Step 4: Combine everything and adjust seasoning. Step 5: Serve hot as a fritters."
Japanese,Vegetarian,Garlic Zucchini Sandwich ,16 min,"Zucchini, Yogurt, Sugar, Herbs, Tomato, Butter, Soy sauce","Milk, Soy","Step 1: Chop the vegetables and prepare the Zucchini. Step 2: Heat oil in a pan and simmer onion, garlic, and spices. Step 3: Add Zucchini and cook until tender. Step 4: Mix in remaining ingredients and let it simmer. Step 5: Serve hot as a sandwich."
Peruvian,Non-Vegetarian,Minty Salmon Burger ,59 min,"Salmon, Soy sauce, Butter, Honey","Milk, Soy, Seafood, Honey","Step 1: Marinate the Salmon with salt, pepper, and spices. Step 2: Heat oil in a pan and grill the Salmon until cooked. Step 3: Add onion, garlic, and vegetables and cook briefly. Step 4: Combine everything and adjust seasoning. Step 5: Serve hot as a burger."
Korean,Vegan,Crispy Mushroom Salad ,42 min,"Mushroom, Onion, Soy sauce, Cumin",Soy,"Step 1: Chop the vegetables and prepare the Mushroom. Step 2: Heat oil in a pan and braise onion, garlic, and spices. Step 3: Add Mushroom and cook until tender. Step 4: Mix in remaining ingredients and let it simmer. Step 5: Serve hot as a salad."
Turkish,Non-Vegetarian,Lemony Shrimp Pasta ,1 hr 58 min,"Shrimp, Cheese, Garlic, Butter","Milk, Seafood","Step 1: Marinate the Shrimp with salt, pepper, and spices. Step 2: Heat oil in a pan and boil the Shrimp until cooked. Step 3: Add onion, garlic, and vegetables and cook briefly. Step 4: Combine everything and adjust seasoning. Step 5: Serve hot as a pasta."
Greek,Non-Vegetarian,Peanut Lamb Kebab ,33 min,"Lamb, Onion, Cheese, Lemon, Herbs, Tomato, Vinegar, Chili",Milk,"Step 1: Marinate the Lamb with salt, pepper, and spices. Step 2: Heat oil in a pan and boil the Lamb until cooked. Step 3: Add onion, garlic, and vegetables and cook briefly. Step 4: Combine everything and adjust seasoning. Step 5: Serve hot as a kebab."
Italian,Vegetarian,Garlic Broccoli Skewers ,1 hr 3 min,"Broccoli, Milk, Tomato, Sugar",Milk,"Step 1: Chop the vegetables and prepare the Broccoli. Step 2: Heat oil in a pan and steam onion, garlic, and spices. Step 3: Add Broccoli and cook until tender. Step 4: Mix in remaining ingredients and let it simmer. Step 5: Serve hot as a skewers."
Spanish,Vegan,Honey Bell pepper Sandwich ,50 min,"Bell pepper, Onion, Ginger, Lemon, Salt, Black pepper",,"Step 1: Chop the vegetables and prepare the Bell pepper. Step 2: Heat oil in a pan and stir-fry onion, garlic, and spices. Step 3: Add Bell pepper and cook until tender. Step 4: Mix in remaining ingredients and let it simmer. Step 5: Serve hot as a sandwich."
Japanese,Vegan,Minty Kidney beans Kebab ,1 hr 22 min,"Kidney beans, Nuts, Lemon, Tomato, Cumin, Black pepper",Nuts,"Step 1: Chop the vegetables and prepare the Kidney beans. Step 2: Heat oil in a pan and boil onion, garlic, and spices. Step 3: Add Kidney beans and cook until tender. Step 4: Mix in remaining ingredients and let it simmer. Step 5: Serve hot as a kebab."
Brazilian,Vegan,Minty Broccoli Pizza ,1 hr 23 min,"Broccoli, Lemon, Vinegar",,"Step 1: Chop the vegetables and prepare the Broccoli. Step 2: Heat oil in a pan and steam onion, garlic, and spices. Step 3: Add Broccoli and cook until tender. Step 4: Mix in remaining ingredients and let it simmer. Step 5: Serve hot as a pizza."
Korean,Non-Vegetarian,Crispy Chicken Rice Bowl ,1 hr 38 min,"Chicken, Salt, Tomato, Cumin",,"Step 1: Marinate the Chicken with salt, pepper, and spices. Step 2: Heat oil in a pan and grill the Chicken until cooked. Step 3: Add onion, garlic, and vegetables and cook briefly. Step 4: Combine everything and adjust seasoning. Step 5: Serve hot as a rice bowl."
Ethiopian,Non-Vegetarian,Quick Tuna Curry ,1 hr 29 min,"Tuna, Onion, Nuts, Garlic","Nuts, Seafood","Step 1: Marinate the Tuna with salt, pepper, and spices. Step 2: Heat oil in a pan and stir-fry the Tuna until cooked. Step 3: Add onion, garlic, and vegetables and cook briefly. Step 4: Combine everything and adjust seasoning. Step 5: Serve hot as a curry."
Indian,Non-Vegetarian,Honey Mutton Burger ,1 hr 26 min,"Mutton, Cumin, Nuts, Milk, Coriander, Lemon, Soy sauce","Milk, Soy, Nuts","Step 1: Marinate the Mutton with salt, pepper, and spices. Step 2: Heat oil in a pan and pan-fry the Mutton until cooked. Step 3: Add onion, garlic, and vegetables and cook briefly. Step 4: Combine everything and adjust seasoning. Step 5: Serve hot as a burger."
Japanese,Vegetarian,Light Paneer Soup ,1 hr 45 min,"Paneer, Salt, Onion, Cumin",Milk,"Step 1: Chop the vegetables and prepare the Paneer. Step 2: Heat oil in a pan and braise onion, garlic, and spices. Step 3: Add Paneer and cook until tender. Step 4: Mix in remaining ingredients and let it simmer. Step 5: Serve hot as a soup."
Spanish,Vegetarian,Peanut Rice Pizza ,1 hr,"Rice, Soy sauce, Onion, Herbs, Olive oil, Paprika, Chili",Soy,"Step 1: Chop the vegetables and prepare the Rice. Step 2: Heat oil in a pan and blanch onion, garlic, and spices. Step 3: Add Rice and cook until tender. Step 4: Mix in remaining ingredients and let it simmer. Step 5: Serve hot as a pizza."
Ethiopian,Non-Vegetarian,Crispy Chicken Pilaf ,1 hr 8 min,"Chicken, Tomato, Coriander, Chili",,"Step 1: Marinate the Chicken with salt, pepper, and spices. Step 2: Heat oil in a pan and boil the Chicken until cooked. Step 3: Add onion, garlic, and vegetables and cook briefly. Step 4: Combine everything and adjust seasoning. Step 5: Serve hot as a pilaf."
Caribbean,Vegetarian,Crispy Cauliflower Risotto ,1 hr 14 min,"Cauliflower, Coriander, Yogurt, Soy sauce, Salt, Nuts, Lemon, Onion","Milk, Soy, Nuts","Step 1: Chop the vegetables and prepare the Cauliflower. Step 2: Heat oil in a pan and roast onion, garlic, and spices. Step 3: Add Cauliflower and cook until tender. Step 4: Mix in remaining ingredients and let it simmer. Step 5: Serve hot as a risotto."
Lebanese,Vegetarian,Lemony Quinoa Skewers ,43 min,"Quinoa, Milk, Butter, Ginger, Onion, Black pepper",Milk,"Step 1: Chop the vegetables and prepare the Quinoa. Step 2: Heat oil in a pan and pan-fry onion, garlic, and spices. Step 3: Add Quinoa and cook until tender. Step 4: Mix in remaining ingredients and let it simmer. Step 5: Serve hot as a skewers."
Ethiopian,Vegetarian,Creamy Sweet potato Sandwich ,1 hr 59 min,"Sweet potato, Cheese, Tomato, Cumin, Olive oil, Coriander, Flour","Milk, Gluten","Step 1: Chop the vegetables and prepare the Sweet potato. Step 2: Heat oil in a pan and saute onion, garlic, and spices. Step 3: Add Sweet potato and cook until tender. Step 4: Mix in remaining ingredients and let it simmer. Step 5: Serve hot as a sandwich."
Korean,Vegan,Light Rice Pizza ,1 hr 23 min,"Rice, Onion, Flour, Paprika, Chili, Coriander",Gluten,"Step 1: Chop the vegetables and prepare the Rice. Step 2: Heat oil in a pan and stir-fry onion, garlic, and spices. Step 3: Add Rice and cook until tender. Step 4: Mix in remaining ingredients and let it simmer. Step 5: Serve hot as a pizza."
Korean,Vegetarian,Minty Cauliflower Kebab ,1 hr 43 min,"Cauliflower, Herbs, Garlic, Yogurt",Milk,"Step 1: Chop the vegetables and prepare the Cauliflower. Step 2: Heat oil in a pan and roast onion, garlic, and spices. Step 3: Add Cauliflower and cook until tender. Step 4: Mix in remaining ingredients and let it simmer. Step 5: Serve hot as a kebab."
Greek,Non-Vegetarian,Peanut Shrimp Pilaf ,11 min,"Shrimp, Nuts, Coriander, Garlic, Butter","Milk, Nuts, Seafood","Step 1: Marinate the Shrimp with salt, pepper, and spices. Step 2: Heat oil in a pan and blanch the Shrimp until cooked. Step 3: Add onion, garlic, and vegetables and cook briefly. Step 4: Combine everything and adjust seasoning. Step 5: Serve hot as a pilaf."
Thai,Vegan,Tangy Black beans Frittata ,28 min,"Black beans, Soy sauce, Vinegar, Paprika, Flour, Cumin, Chili, Tomato","Soy, Gluten","Step 1: Chop the vegetables and prepare the Black beans. Step 2: Heat oil in a pan and bake onion, garlic, and spices. Step 3: Add Black beans and cook until tender. Step 4: Mix in remaining ingredients and let it simmer. Step 5: Serve hot as a frittata."
Lebanese,Vegan,Minty Cauliflower Pilaf ,1 hr 27 min,"Cauliflower, Tomato, Paprika, Flour, Chili",Gluten,"Step 1: Chop the vegetables and prepare the Cauliflower. Step 2: Heat oil in a pan and boil onion, garlic, and spices. Step 3: Add Cauliflower and cook until tender. Step 4: Mix in remaining ingredients and let it simmer. Step 5: Serve hot as a pilaf."
Spanish,Non-Vegetarian,Light Shrimp Fritters ,1 hr 7 min,"Shrimp, Flour, Olive oil, Chili, Cumin, Butter, Onion, Lemon","Milk, Gluten, Seafood","Step 1: Marinate the Shrimp with salt, pepper, and spices. Step 2: Heat oil in a pan and steam the Shrimp until cooked. Step 3: Add onion, garlic, and vegetables and cook briefly. Step 4: Combine everything and adjust seasoning. Step 5: Serve hot as a fritters."
Turkish,Vegan,Lemony Rice Fritters ,1 hr 12 min,"Rice, Soy sauce, Olive oil",Soy,"Step 1: Chop the vegetables and prepare the Rice. Step 2: Heat oil in a pan and braise onion, garlic, and spices. Step 3: Add Rice and cook until tender. Step 4: Mix in remaining ingredients and let it simmer. Step 5: Serve hot as a fritters."
Mediterranean,Vegetarian,Warm Tomato Pizza ,20 min,"Tomato, Flour, Garlic, Cheese, Vinegar, Olive oil, Butter, Chili","Milk, Gluten","Step 1: Chop the vegetables and prepare the Tomato. Step 2: Heat oil in a pan and roast onion, garlic, and spices. Step 3: Add Tomato and cook until tender. Step 4: Mix in remaining ingredients and let it simmer. Step 5: Serve hot as a pizza."
French,Vegetarian,Tangy Black beans Risotto ,1 hr 2 min,"Black beans, Vinegar, Chili, Cheese, Milk",Milk,"Step 1: Chop the vegetables and prepare the Black beans. Step 2: Heat oil in a pan and grill onion, garlic, and spices. Step 3: Add Black beans and cook until tender. Step 4: Mix in remaining ingredients and let it simmer. Step 5: Serve hot as a risotto."
Vietnamese,Non-Vegetarian,Creamy Shrimp Curry ,47 min,"Shrimp, Garlic, Vinegar, Salt",Seafood,"Step 1: Marinate the Shrimp with salt, pepper, and spices. Step 2: Heat oil in a pan and stir-fry the Shrimp until cooked. Step 3: Add onion, garlic, and vegetables and cook briefly. Step 4: Combine everything and adjust seasoning. Step 5: Serve hot as a curry."
Lebanese,Vegan,Peanut Sweet potato Stir-fry ,1 hr 16 min,"Sweet potato, Paprika, Flour, Olive oil, Vinegar, Garlic, Chili",Gluten,"Step 1: Chop the vegetables and prepare the Sweet potato. Step 2: Heat oil in a pan and simmer onion, garlic, and spices. Step 3: Add Sweet potato and cook until tender. Step 4: Mix in remaining ingredients and let it simmer. Step 5: Serve hot as a stir-fry."
Brazilian,Vegetarian,Honey Black beans Skewers ,1 hr 24 min,"Black beans, Garlic, Honey, Black pepper, Olive oil, Cheese, Cumin","Milk, Honey","Step 1: Chop the vegetables and prepare the Black beans. Step 2: Heat oil in a pan and stir-fry onion, garlic, and spices. Step 3: Add Black beans and cook until tender. Step 4: Mix in remaining ingredients and let it simmer. Step 5: Serve hot as a skewers."
Mexican,Vegan,Easy Eggplant Sandwich ,40 min,"Eggplant, Chili, Olive oil, Cumin, Tomato",Eggs,"Step 1: Chop the vegetables and prepare the Eggplant. Step 2: Heat oil in a pan and boil onion, garlic, and spices. Step 3: Add Eggplant and cook until tender. Step 4: Mix in remaining ingredients and let it simmer. Step 5: Serve hot as a sandwich."
Ethiopian,Vegan,Creamy Tofu Fritters ,14 min,"Tofu, Vinegar, Nuts, Flour, Soy sauce, Black pepper","Soy, Nuts, Gluten","Step 1: Chop the vegetables and prepare the Tofu. Step 2: Heat oil in a pan and stir-fry onion, garlic, and spices. Step 3: Add Tofu and cook until tender. Step 4: Mix in remaining ingredients and let it simmer. Step 5: Serve hot as a fritters."
Ethiopian,Vegetarian,Crispy Eggplant Soup ,48 min,"Eggplant, Flour, Lemon, Honey, Coriander","Gluten, Eggs, Honey","Step 1: Chop the vegetables and prepare the Eggplant. Step 2: Heat oil in a pan and braise onion, garlic, and spices. Step 3: Add Eggplant and cook until tender. Step 4: Mix in remaining ingredients and let it simmer. Step 5: Serve hot as a soup."
Vietnamese,Vegetarian,Simple Sweet potato Stir-fry ,39 min,"Sweet potato, Onion, Nuts, Olive oil, Flour, Ginger, Sugar, Soy sauce","Soy, Nuts, Gluten","Step 1: Chop the vegetables and prepare the Sweet potato. Step 2: Heat oil in a pan and simmer onion, garlic, and spices. Step 3: Add Sweet potato and cook until tender. Step 4: Mix in remaining ingredients and let it simmer. Step 5: Serve hot as a stir-fry."
Greek,Vegetarian,Spicy Rice Pasta ,1 hr 50 min,"Rice, Ginger, Vinegar, Soy sauce, Black pepper, Onion, Yogurt, Chili","Milk, Soy","Step 1: Chop the vegetables and prepare the Rice. Step 2: Heat oil in a pan and grill onion, garlic, and spices. Step 3: Add Rice and cook until tender. Step 4: Mix in remaining ingredients and let it simmer. Step 5: Serve hot as a pasta."
Turkish,Vegan,Hearty Mushroom Fritters ,53 min,"Mushroom, Ginger, Salt",,"Step 1: Chop the vegetables and prepare the Mushroom. Step 2: Heat oil in a pan and blanch onion, garlic, and spices. Step 3: Add Mushroom and cook until tender. Step 4: Mix in remaining ingredients and let it simmer. Step 5: Serve hot as a fritters."
Vietnamese,Vegan,Spicy Pumpkin Skewers ,50 min,"Pumpkin, Ginger, Garlic, Salt, Coriander, Lemon, Onion",,"Step 1: Chop the vegetables and prepare the Pumpkin. Step 2: Heat oil in a pan and bake onion, garlic, and spices. Step 3: Add Pumpkin and cook until tender. Step 4: Mix in remaining ingredients and let it simmer. Step 5: Serve hot as a skewers."
Vietnamese,Vegan,Warm Potato Sandwich ,1 hr 10 min,"Potato, Ginger, Flour, Cumin, Black pepper",Gluten,"Step 1: Chop the vegetables and prepare the Potato. Step 2: Heat oil in a pan and simmer onion, garlic, and spices. Step 3: Add Potato and cook until tender. Step 4: Mix in remaining ingredients and let it simmer. Step 5: Serve hot as a sandwich."
Indian,Non-Vegetarian,Warm Pork Pilaf ,1 hr 36 min,"Pork, Nuts, Honey, Black pepper","Nuts, Honey","Step 1: Marinate the Pork with salt, pepper, and spices. Step 2: Heat oil in a pan and roast the Pork until cooked. Step 3: Add onion, garlic, and vegetables and cook briefly. Step 4: Combine everything and adjust seasoning. Step 5: Serve hot as a pilaf."
Mediterranean,Non-Vegetarian,Easy Beef Rice Bowl ,36 min,"Beef, Flour, Black pepper, Soy sauce","Soy, Gluten","Step 1: Marinate the Beef with salt, pepper, and spices. Step 2: Heat oil in a pan and stir-fry the Beef until cooked. Step 3: Add onion, garlic, and vegetables and cook briefly. Step 4: Combine everything and adjust seasoning. Step 5: Serve hot as a rice bowl."
Mexican,Non-Vegetarian,Garlic Turkey Pilaf ,1 hr 36 min,"Turkey, Honey, Flour, Garlic, Onion, Butter, Soy sauce, Milk","Milk, Soy, Gluten, Honey","Step 1: Marinate the Turkey with salt, pepper, and spices. Step 2: Heat oil in a pan and saute the Turkey until cooked. Step 3: Add onion, garlic, and vegetables and cook briefly. Step 4: Combine everything and adjust seasoning. Step 5: Serve hot as a pilaf."
Korean,Non-Vegetarian,Smoky Shrimp Pasta ,52 min,"Shrimp, Sugar, Olive oil, Herbs, Ginger, Garlic, Cumin, Soy sauce","Soy, Seafood","Step 1: Marinate the Shrimp with salt, pepper, and spices. Step 2: Heat oil in a pan and grill the Shrimp until cooked. Step 3: Add onion, garlic, and vegetables and cook briefly. Step 4: Combine everything and adjust seasoning. Step 5: Serve hot as a pasta."
Ethiopian,Vegetarian,Tangy Mushroom Kebab ,1 hr 43 min,"Mushroom, Ginger, Tomato, Garlic",,"Step 1: Chop the vegetables and prepare the Mushroom. Step 2: Heat oil in a pan and boil onion, garlic, and spices. Step 3: Add Mushroom and cook until tender. Step 4: Mix in remaining ingredients and let it simmer. Step 5: Serve hot as a kebab."
Spanish,Vegan,Honey Spinach Kebab ,1 hr 45 min,"Spinach, Onion, Flour",Gluten,"Step 1: Chop the vegetables and prepare the Spinach. Step 2: Heat oil in a pan and roast onion, garlic, and spices. Step 3: Add Spinach and cook until tender. Step 4: Mix in remaining ingredients and let it simmer. Step 5: Serve hot as a kebab."
Peruvian,Vegetarian,Spicy Quinoa Rice Bowl ,17 min,"Quinoa, Yogurt, Milk, Cheese, Ginger, Black pepper",Milk,"Step 1: Chop the vegetables and prepare the Quinoa. Step 2: Heat oil in a pan and bake onion, garlic, and spices. Step 3: Add Quinoa and cook until tender. Step 4: Mix in remaining ingredients and let it simmer. Step 5: Serve hot as a rice bowl."
Lebanese,Vegetarian,Tangy Rice Pasta ,36 min,"Rice, Lemon, Cheese, Vinegar, Olive oil, Butter, Chili, Paprika",Milk,"Step 1: Chop the vegetables and prepare the Rice. Step 2: Heat oil in a pan and steam onion, garlic, and spices. Step 3: Add Rice and cook until tender. Step 4: Mix in remaining ingredients and let it simmer. Step 5: Serve hot as a pasta."
Spanish,Vegetarian,Simple Corn Pasta ,53 min,"Corn, Coriander, Paprika, Honey, Herbs, Cumin, Black pepper",Honey,"Step 1: Chop the vegetables and prepare the Corn. Step 2: Heat oil in a pan and simmer onion, garlic, and spices. Step 3: Add Corn and cook until tender. Step 4: Mix in remaining ingredients and let it simmer. Step 5: Serve hot as a pasta."
Caribbean,Non-Vegetarian,Light Turkey Casserole ,14 min,"Turkey, Salt, Coriander, Sugar",,"Step 1: Marinate the Turkey with salt, pepper, and spices. Step 2: Heat oil in a pan and stir-fry the Turkey until cooked. Step 3: Add onion, garlic, and vegetables and cook briefly. Step 4: Combine everything and adjust seasoning. Step 5: Serve hot as a casserole."
Mediterranean,Vegetarian,Warm Zucchini Sandwich ,34 min,"Zucchini, Cumin, Butter, Honey, Nuts, Salt, Olive oil","Milk, Nuts, Honey","Step 1: Chop the vegetables and prepare the Zucchini. Step 2: Heat oil in a pan and blanch onion, garlic, and spices. Step 3: Add Zucchini and cook until tender. Step 4: Mix in remaining ingredients and let it simmer. Step 5: Serve hot as a sandwich."
Turkish,Vegan,Smoky Bell pepper Frittata ,48 min,"Bell pepper, Chili, Vinegar, Lemon, Onion, Ginger, Black pepper",,"Step 1: Chop the vegetables and prepare the Bell pepper. Step 2: Heat oil in a pan and saute onion, garlic, and spices. Step 3: Add Bell pepper and cook until tender. Step 4: Mix in remaining ingredients and let it simmer. Step 5: Serve hot as a frittata."
Thai,Vegan,Creamy Spinach Casserole ,1 hr 32 min,"Spinach, Nuts, Black pepper, Vinegar, Tomato",Nuts,"Step 1: Chop the vegetables and prepare the Spinach. Step 2: Heat oil in a pan and roast onion, garlic, and spices. Step 3: Add Spinach and cook until tender. Step 4: Mix in remaining ingredients and let it simmer. Step 5: Serve hot as a casserole."
Ethiopian,Vegetarian,Smoky Eggplant Kebab ,44 min,"Eggplant, Butter, Ginger, Onion, Salt, Lemon, Vinegar, Milk","Milk, Eggs","Step 1: Chop the vegetables and prepare the Eggplant. Step 2: Heat oil in a pan and stir-fry onion, garlic, and spices. Step 3: Add Eggplant and cook until tender. Step 4: Mix in remaining ingredients and let it simmer. Step 5: Serve hot as a kebab."
Korean,Non-Vegetarian,Savory Shrimp Pilaf ,1 hr 17 min,"Shrimp, Butter, Cheese, Onion, Paprika","Milk, Seafood","Step 1: Marinate the Shrimp with salt, pepper, and spices. Step 2: Heat oil in a pan and grill the Shrimp until cooked. Step 3: Add onion, garlic, and vegetables and cook briefly. Step 4: Combine everything and adjust seasoning. Step 5: Serve hot as a pilaf."
Italian,Vegetarian,Smoky Quinoa Soup ,55 min,"Quinoa, Coriander, Vinegar, Ginger",,"Step 1: Chop the vegetables and prepare the Quinoa. Step 2: Heat oil in a pan and saute onion, garlic, and spices. Step 3: Add Quinoa and cook until tender. Step 4: Mix in remaining ingredients and let it simmer. Step 5: Serve hot as a soup."
French,Vegan,Warm Broccoli Kebab ,1 hr 55 min,"Broccoli, Garlic, Tomato, Vinegar, Sugar",,"Step 1: Chop the vegetables and prepare the Broccoli. Step 2: Heat oil in a pan and bake onion, garlic, and spices. Step 3: Add Broccoli and cook until tender. Step 4: Mix in remaining ingredients and let it simmer. Step 5: Serve hot as a kebab."
French,Vegan,Warm Broccoli Rice Bowl ,32 min,"Broccoli, Herbs, Black pepper, Tomato",,"Step 1: Chop the vegetables and prepare the Broccoli. Step 2: Heat oil in a pan and steam onion, garlic, and spices. Step 3: Add Broccoli and cook until tender. Step 4: Mix in remaining ingredients and let it simmer. Step 5: Serve hot as a rice bowl."
Vietnamese,Vegetarian,Minty Quinoa Soup ,24 min,"Quinoa, Olive oil, Herbs, Chili, Ginger, Black pepper, Sugar",,"Step 1: Chop the vegetables and prepare the Quinoa. Step 2: Heat oil in a pan and grill onion, garlic, and spices. Step 3: Add Quinoa and cook until tender. Step 4: Mix in remaining ingredients and let it simmer. Step 5: Serve hot as a soup."
Italian,Vegetarian,Easy Mushroom Casserole ,1 hr 26 min,"Mushroom, Yogurt, Honey, Milk, Sugar, Cheese, Nuts, Paprika","Milk, Nuts, Honey","Step 1: Chop the vegetables and prepare the Mushroom. Step 2: Heat oil in a pan and blanch onion, garlic, and spices. Step 3: Add Mushroom and cook until tender. Step 4: Mix in remaining ingredients and let it simmer. Step 5: Serve hot as a casserole."
Moroccan,Vegetarian,Peanut Cauliflower Wrap ,34 min,"Cauliflower, Herbs, Nuts, Coriander, Tomato",Nuts,"Step 1: Chop the vegetables and prepare the Cauliflower. Step 2: Heat oil in a pan and grill onion, garlic, and spices. Step 3: Add Cauliflower and cook until tender. Step 4: Mix in remaining ingredients and let it simmer. Step 5: Serve hot as a wrap."
Ethiopian,Vegetarian,Coconut Eggplant Stir-fry ,1 hr 5 min,"Eggplant, Lemon, Olive oil, Soy sauce, Chili, Yogurt, Salt, Honey","Milk, Soy, Eggs, Honey","Step 1: Chop the vegetables and prepare the Eggplant. Step 2: Heat oil in a pan and simmer onion, garlic, and spices. Step 3: Add Eggplant and cook until tender. Step 4: Mix in remaining ingredients and let it simmer. Step 5: Serve hot as a stir-fry."
Caribbean,Non-Vegetarian,Hearty Beef Curry ,1 hr 29 min,"Beef, Garlic, Yogurt, Sugar, Soy sauce","Milk, Soy","Step 1: Marinate the Beef with salt, pepper, and spices. Step 2: Heat oil in a pan and steam the Beef until cooked. Step 3: Add onion, garlic, and vegetables and cook briefly. Step 4: Combine everything and adjust seasoning. Step 5: Serve hot as a curry."
Thai,Vegan,Tangy Chickpeas Curry ,1 hr 24 min,"Chickpeas, Cumin, Onion, Salt, Vinegar, Black pepper, Flour, Tomato",Gluten,"Step 1: Chop the vegetables and prepare the Chickpeas. Step 2: Heat oil in a pan and pan-fry onion, garlic, and spices. Step 3: Add Chickpeas and cook until tender. Step 4: Mix in remaining ingredients and let it simmer. Step 5: Serve hot as a curry."
Mediterranean,Vegetarian,Herbed Mushroom Fritters ,46 min,"Mushroom, Vinegar, Coriander, Yogurt, Paprika, Lemon",Milk,"Step 1: Chop the vegetables and prepare the Mushroom. Step 2: Heat oil in a pan and saute onion, garlic, and spices. Step 3: Add Mushroom and cook until tender. Step 4: Mix in remaining ingredients and let it simmer. Step 5: Serve hot as a fritters."
Japanese,Vegetarian,Lemony Corn Pasta ,1 hr 17 min,"Corn, Paprika, Olive oil, Onion",,"Step 1: Chop the vegetables and prepare the Corn. Step 2: Heat oil in a pan and pan-fry onion, garlic, and spices. Step 3: Add Corn and cook until tender. Step 4: Mix in remaining ingredients and let it simmer. Step 5: Serve hot as a pasta."
Italian,Non-Vegetarian,Lemony Chicken Tacos ,1 hr 2 min,"Chicken, Chili, Yogurt, Ginger, Tomato, Lemon",Milk,"Step 1: Marinate the Chicken with salt, pepper, and spices. Step 2: Heat oil in a pan and pan-fry the Chicken until cooked. Step 3: Add onion, garlic, and vegetables and cook briefly. Step 4: Combine everything and adjust seasoning. Step 5: Serve hot as a tacos."
French,Vegan,Quick Eggplant Soup ,24 min,"Eggplant, Salt, Tomato, Black pepper, Cumin, Lemon",Eggs,"Step 1: Chop the vegetables and prepare the Eggplant. Step 2: Heat oil in a pan and roast onion, garlic, and spices. Step 3: Add Eggplant and cook until tender. Step 4: Mix in remaining ingredients and let it simmer. Step 5: Serve hot as a soup."
Lebanese,Vegan,Zesty Lentils Tacos ,1 hr 25 min,"Lentils, Ginger, Tomato, Cumin, Salt, Soy sauce, Coriander",Soy,"Step 1: Chop the vegetables and prepare the Lentils. Step 2: Heat oil in a pan and blanch onion, garlic, and spices. Step 3: Add Lentils and cook until tender. Step 4: Mix in remaining ingredients and let it simmer. Step 5: Serve hot as a tacos."
Spanish,Vegetarian,Peanut Paneer Salad ,1 hr 10 min,"Paneer, Black pepper, Sugar, Tomato, Lemon",Milk,"Step 1: Chop the vegetables and prepare the Paneer. Step 2: Heat oil in a pan and blanch onion, garlic, and spices. Step 3: Add Paneer and cook until tender. Step 4: Mix in remaining ingredients and let it simmer. Step 5: Serve hot as a salad."
Mexican,Non-Vegetarian,Garlic Chicken Salad ,54 min,"Chicken, Coriander, Lemon, Sugar, Nuts",Nuts,"Step 1: Marinate the Chicken with salt, pepper, and spices. Step 2: Heat oil in a pan and steam the Chicken until cooked. Step 3: Add onion, garlic, and vegetables and cook briefly. Step 4: Combine everything and adjust seasoning. Step 5: Serve hot as a salad."
Mexican,Non-Vegetarian,Easy Pork Burger ,53 min,"Pork, Sugar, Tomato, Cheese",Milk,"Step 1: Marinate the Pork with salt, pepper, and spices. Step 2: Heat oil in a pan and roast the Pork until cooked. Step 3: Add onion, garlic, and vegetables and cook briefly. Step 4: Combine everything and adjust seasoning. Step 5: Serve hot as a burger."
Korean,Vegetarian,Hearty Potato Stew ,1 hr 28 min,"Potato, Honey, Milk, Yogurt, Coriander","Milk, Honey","Step 1: Chop the vegetables and prepare the Potato. Step 2: Heat oil in a pan and braise onion, garlic, and spices. Step 3: Add Potato and cook until tender. Step 4: Mix in remaining ingredients and let it simmer. Step 5: Serve hot as a stew."
Moroccan,Vegetarian,Warm Sweet potato Risotto ,1 hr 42 min,"Sweet potato, Vinegar, Milk, Black pepper, Yogurt, Coriander",Milk,"Step 1: Chop the vegetables and prepare the Sweet potato. Step 2: Heat oil in a pan and steam onion, garlic, and spices. Step 3: Add Sweet potato and cook until tender. Step 4: Mix in remaining ingredients and let it simmer. Step 5: Serve hot as a risotto."
Greek,Non-Vegetarian,Garlic Salmon Risotto ,27 min,"Salmon, Lemon, Cumin, Butter, Honey, Garlic, Nuts","Milk, Nuts, Seafood, Honey","Step 1: Marinate the Salmon with salt, pepper, and spices. Step 2: Heat oil in a pan and simmer the Salmon until cooked. Step 3: Add onion, garlic, and vegetables and cook briefly. Step 4: Combine everything and adjust seasoning. Step 5: Serve hot as a risotto."
Lebanese,Vegetarian,Lemony Sweet potato Skewers ,42 min,"Sweet potato, Butter, Lemon, Salt, Honey, Chili","Milk, Honey","Step 1: Chop the vegetables and prepare the Sweet potato. Step 2: Heat oil in a pan and bake onion, garlic, and spices. Step 3: Add Sweet potato and cook until tender. Step 4: Mix in remaining ingredients and let it simmer. Step 5: Serve hot as a skewers."
Italian,Vegan,Crispy Mushroom Casserole ,26 min,"Mushroom, Ginger, Olive oil, Garlic",,"Step 1: Chop the vegetables and prepare the Mushroom. Step 2: Heat oil in a pan and grill onion, garlic, and spices. Step 3: Add Mushroom and cook until tender. Step 4: Mix in remaining ingredients and let it simmer. Step 5: Serve hot as a casserole."
Lebanese,Vegan,Herbed Pumpkin Salad ,1 hr 29 min,"Pumpkin, Tomato, Cumin, Sugar",,"Step 1: Chop the vegetables and prepare the Pumpkin. Step 2: Heat oil in a pan and simmer onion, garlic, and spices. Step 3: Add Pumpkin and cook until tender. Step 4: Mix in remaining ingredients and let it simmer. Step 5: Serve hot as a salad."
Peruvian,Non-Vegetarian,Minty Mutton Burger ,1 hr 58 min,"Mutton, Paprika, Coriander, Ginger, Yogurt, Nuts","Milk, Nuts","Step 1: Marinate the Mutton with salt, pepper, and spices. Step 2: Heat oil in a pan and simmer the Mutton until cooked. Step 3: Add onion, garlic, and vegetables and cook briefly. Step 4: Combine everything and adjust seasoning. Step 5: Serve hot as a burger."
Caribbean,Vegan,Easy Cauliflower Sandwich ,2 hr,"Cauliflower, Olive oil, Tomato, Garlic, Salt",,"Step 1: Chop the vegetables and prepare the Cauliflower. Step 2: Heat oil in a pan and blanch onion, garlic, and spices. Step 3: Add Cauliflower and cook until tender. Step 4: Mix in remaining ingredients and let it simmer. Step 5: Serve hot as a sandwich."
Italian,Vegetarian,Coconut Pumpkin Fritters ,1 hr 46 min,"Pumpkin, Cheese, Yogurt, Onion, Coriander, Salt",Milk,"Step 1: Chop the vegetables and prepare the Pumpkin. Step 2: Heat oil in a pan and grill onion, garlic, and spices. Step 3: Add Pumpkin and cook until tender. Step 4: Mix in remaining ingredients and let it simmer. Step 5: Serve hot as a fritters."
Vietnamese,Vegan,Crispy Lentils Pilaf ,23 min,"Lentils, Tomato, Onion, Black pepper, Sugar",,"Step 1: Chop the vegetables and prepare the Lentils. Step 2: Heat oil in a pan and stir-fry onion, garlic, and spices. Step 3: Add Lentils and cook until tender. Step 4: Mix in remaining ingredients and let it simmer. Step 5: Serve hot as a pilaf."
Chinese,Vegan,Peanut Spinach Salad ,1 hr 3 min,"Spinach, Herbs, Olive oil, Salt",,"Step 1: Chop the vegetables and prepare the Spinach. Step 2: Heat oil in a pan and saute onion, garlic, and spices. Step 3: Add Spinach and cook until tender. Step 4: Mix in remaining ingredients and let it simmer. Step 5: Serve hot as a salad."
American,Non-Vegetarian,Lemony Turkey Kebab ,32 min,"Turkey, Herbs, Flour, Ginger",Gluten,"Step 1: Marinate the Turkey with salt, pepper, and spices. Step 2: Heat oil in a pan and roast the Turkey until cooked. Step 3: Add onion, garlic, and vegetables and cook briefly. Step 4: Combine everything and adjust seasoning. Step 5: Serve hot as a kebab."
Vietnamese,Vegetarian,Quick Zucchini Kebab ,1 hr 5 min,"Zucchini, Tomato, Black pepper, Onion, Lemon, Cumin",,"Step 1: Chop the vegetables and prepare the Zucchini. Step 2: Heat oil in a pan and roast onion, garlic, and spices. Step 3: Add Zucchini and cook until tender. Step 4: Mix in remaining ingredients and let it simmer. Step 5: Serve hot as a kebab."
Brazilian,Vegetarian,Smoky Broccoli Pizza ,30 min,"Broccoli, Milk, Black pepper, Vinegar, Honey","Milk, Honey","Step 1: Chop the vegetables and prepare the Broccoli. Step 2: Heat oil in a pan and simmer onion, garlic, and spices. Step 3: Add Broccoli and cook until tender. Step 4: Mix in remaining ingredients and let it simmer. Step 5: Serve hot as a pizza."
Brazilian,Vegetarian,Smoky Tomato Pasta ,1 hr 43 min,"Tomato, Olive oil, Chili, Milk",Milk,"Step 1: Chop the vegetables and prepare the Tomato. Step 2: Heat oil in a pan and pan-fry onion, garlic, and spices. Step 3: Add Tomato and cook until tender. Step 4: Mix in remaining ingredients and let it simmer. Step 5: Serve hot as a pasta."
Ethiopian,Vegetarian,Coconut Quinoa Rice Bowl ,1 hr 48 min,"Quinoa, Milk, Sugar, Black pepper, Tomato",Milk,"Step 1: Chop the vegetables and prepare the Quinoa. Step 2: Heat oil in a pan and blanch onion, garlic, and spices. Step 3: Add Quinoa and cook until tender. Step 4: Mix in remaining ingredients and let it simmer. Step 5: Serve hot as a rice bowl."
Greek,Non-Vegetarian,Smoky Chicken Burger ,1 hr 37 min,"Chicken, Chili, Milk, Ginger, Coriander, Paprika, Garlic",Milk,"Step 1: Marinate the Chicken with salt, pepper, and spices. Step 2: Heat oil in a pan and braise the Chicken until cooked. Step 3: Add onion, garlic, and vegetables and cook briefly. Step 4: Combine everything and adjust seasoning. Step 5: Serve hot as a burger."
Moroccan,Vegan,Crispy Quinoa Curry ,1 hr 20 min,"Quinoa, Tomato",,"Step 1: Chop the vegetables and prepare the Quinoa. Step 2: Heat oil in a pan and saute onion, garlic, and spices. Step 3: Add Quinoa and cook until tender. Step 4: Mix in remaining ingredients and let it simmer. Step 5: Serve hot as a curry."
Mexican,Vegan,Creamy Corn Skewers ,1 hr 48 min,"Corn, Ginger, Garlic, Soy sauce, Flour","Soy, Gluten","Step 1: Chop the vegetables and prepare the Corn. Step 2: Heat oil in a pan and saute onion, garlic, and spices. Step 3: Add Corn and cook until tender. Step 4: Mix in remaining ingredients and let it simmer. Step 5: Serve hot as a skewers."
Indian,Vegetarian,Tangy Cauliflower Frittata ,1 hr 19 min,"Cauliflower, Garlic, Olive oil, Onion, Soy sauce, Lemon, Paprika",Soy,"Step 1: Chop the vegetables and prepare the Cauliflower. Step 2: Heat oil in a pan and pan-fry onion, garlic, and spices. Step 3: Add Cauliflower and cook until tender. Step 4: Mix in remaining ingredients and let it simmer. Step 5: Serve hot as a frittata."
Japanese,Vegetarian,Simple Pumpkin Pasta ,1 hr 5 min,"Pumpkin, Nuts, Garlic, Cumin, Onion",Nuts,"Step 1: Chop the vegetables and prepare the Pumpkin. Step 2: Heat oil in a pan and stir-fry onion, garlic, and spices. Step 3: Add Pumpkin and cook until tender. Step 4: Mix in remaining ingredients and let it simmer. Step 5: Serve hot as a pasta."
French,Non-Vegetarian,Quick Shrimp Stir-fry ,29 min,"Shrimp, Cheese, Nuts, Vinegar, Coriander","Milk, Nuts, Seafood","Step 1: Marinate the Shrimp with salt, pepper, and spices. Step 2: Heat oil in a pan and saute the Shrimp until cooked. Step 3: Add onion, garlic, and vegetables and cook briefly. Step 4: Combine everything and adjust seasoning. Step 5: Serve hot as a stir-fry."
Japanese,Vegan,Zesty Spinach Rice Bowl ,1 hr 53 min,"Spinach, Black pepper, Coriander, Sugar, Tomato",,"Step 1: Chop the vegetables and prepare the Spinach. Step 2: Heat oil in a pan and blanch onion, garlic, and spices. Step 3: Add Spinach and cook until tender. Step 4: Mix in remaining ingredients and let it simmer. Step 5: Serve hot as a rice bowl."
Mexican,Non-Vegetarian,Herbed Lamb Tacos ,16 min,"Lamb, Honey, Paprika, Cheese, Salt, Lemon, Nuts, Vinegar","Milk, Nuts, Honey","Step 1: Marinate the Lamb with salt, pepper, and spices. Step 2: Heat oil in a pan and saute the Lamb until cooked. Step 3: Add onion, garlic, and vegetables and cook briefly. Step 4: Combine everything and adjust seasoning. Step 5: Serve hot as a tacos."
French,Vegetarian,Minty Kidney beans Casserole ,1 hr 49 min,"Kidney beans, Lemon, Nuts, Salt, Yogurt, Herbs, Butter, Olive oil","Milk, Nuts","Step 1: Chop the vegetables and prepare the Kidney beans. Step 2: Heat oil in a pan and steam onion, garlic, and spices. Step 3: Add Kidney beans and cook until tender. Step 4: Mix in remaining ingredients and let it simmer. Step 5: Serve hot as a casserole."
French,Non-Vegetarian,Crispy Mutton Frittata ,1 hr 18 min,"Mutton, Honey, Nuts, Herbs","Nuts, Honey","Step 1: Marinate the Mutton with salt, pepper, and spices. Step 2: Heat oil in a pan and bake the Mutton until cooked. Step 3: Add onion, garlic, and vegetables and cook briefly. Step 4: Combine everything and adjust seasoning. Step 5: Serve hot as a frittata."
Lebanese,Vegetarian,Garlic Kidney beans Frittata ,22 min,"Kidney beans, Tomato, Herbs, Milk, Garlic",Milk,"Step 1: Chop the vegetables and prepare the Kidney beans. Step 2: Heat oil in a pan and grill onion, garlic, and spices. Step 3: Add Kidney beans and cook until tender. Step 4: Mix in remaining ingredients and let it simmer. Step 5: Serve hot as a frittata."
Moroccan,Vegan,Honey Black beans Sandwich ,18 min,"Black beans, Chili, Herbs, Lemon, Ginger",,"Step 1: Chop the vegetables and prepare the Black beans. Step 2: Heat oil in a pan and boil onion, garlic, and spices. Step 3: Add Black beans and cook until tender. Step 4: Mix in remaining ingredients and let it simmer. Step 5: Serve hot as a sandwich."
American,Non-Vegetarian,Hearty Beef Salad ,30 min,"Beef, Lemon, Salt, Yogurt, Coriander",Milk,"Step 1: Marinate the Beef with salt, pepper, and spices. Step 2: Heat oil in a pan and stir-fry the Beef until cooked. Step 3: Add onion, garlic, and vegetables and cook briefly. Step 4: Combine everything and adjust seasoning. Step 5: Serve hot as a salad."
Vietnamese,Non-Vegetarian,Hearty Beef Wrap ,22 min,"Beef, Ginger, Salt, Honey",Honey,"Step 1: Marinate the Beef with salt, pepper, and spices. Step 2: Heat oil in a pan and pan-fry the Beef until cooked. Step 3: Add onion, garlic, and vegetables and cook briefly. Step 4: Combine everything and adjust seasoning. Step 5: Serve hot as a wrap."
Chinese,Vegetarian,Warm Paneer Pizza ,1 hr 47 min,"Paneer, Onion, Olive oil, Vinegar, Salt, Paprika, Butter",Milk,"Step 1: Chop the vegetables and prepare the Paneer. Step 2: Heat oil in a pan and saute onion, garlic, and spices. Step 3: Add Paneer and cook until tender. Step 4: Mix in remaining ingredients and let it simmer. Step 5: Serve hot as a pizza."
Vietnamese,Vegan,Creamy Tofu Casserole ,14 min,"Tofu, Soy sauce, Chili, Onion, Lemon, Black pepper",Soy,"Step 1: Chop the vegetables and prepare the Tofu. Step 2: Heat oil in a pan and steam onion, garlic, and spices. Step 3: Add Tofu and cook until tender. Step 4: Mix in remaining ingredients and let it simmer. Step 5: Serve hot as a casserole."
Caribbean,Non-Vegetarian,Coconut Fish Kebab ,1 hr 56 min,"Fish, Coriander, Vinegar, Soy sauce, Olive oil, Herbs, Milk","Milk, Soy, Seafood","Step 1: Marinate the Fish with salt, pepper, and spices. Step 2: Heat oil in a pan and bake the Fish until cooked. Step 3: Add onion, garlic, and vegetables and cook briefly. Step 4: Combine everything and adjust seasoning. Step 5: Serve hot as a kebab."
